{
  "val_auc": 0.9638508343179147,
  "val_ap": 0.8914699893512258,
  "test_auc": 0.9661074777020167,
  "test_ap": 0.8985713883096237
}